{"cameraMode":{"drawMode":0,"name":"Shaded","section":"Shading Mode"},"sceneLighting":true,"audioPlay":false,"sceneViewState":{"showFog":true,"showMaterialUpdate":true,"showSkybox":true,"showFlares":true,"showImageEffects":true,"showParticleSystems":true},"in2DMode":false,"pivot":{"x":327.1347961425781,"y":25.280900955200197,"z":182.6954345703125},"rotation":{"x":0.004166918341070414,"y":-0.3910622000694275,"z":0.001769025344401598,"w":0.92035311460495},"size":73.17698669433594,"orthographic":false}