{"cameraMode":{"drawMode":0,"name":"Shaded","section":"Shading Mode"},"sceneLighting":false,"audioPlay":false,"sceneViewState":{"showFog":true,"showMaterialUpdate":true,"showSkybox":true,"showFlares":true,"showImageEffects":true,"showParticleSystems":true},"in2DMode":false,"pivot":{"x":88.95732879638672,"y":-2.5858042240142824,"z":15.376133918762207},"rotation":{"x":0.022593770176172258,"y":0.9764991402626038,"z":-0.1287592500448227,"w":0.17134791612625123},"size":4.164494514465332,"orthographic":false}