{"cameraMode":{"drawMode":0,"name":"Shaded","section":"Shading Mode"},"sceneLighting":true,"audioPlay":false,"sceneViewState":{"showFog":false,"showMaterialUpdate":false,"showSkybox":false,"showFlares":false,"showImageEffects":false,"showParticleSystems":false},"in2DMode":false,"pivot":{"x":1.055968165397644,"y":-0.6256000995635986,"z":100.15620422363281},"rotation":{"x":0.04080454260110855,"y":-0.019488533958792688,"z":0.0007947802660055459,"w":0.9989768266677856},"size":41.964324951171878,"orthographic":false}