{"cameraMode":{"drawMode":0,"name":"Shaded","section":"Shading Mode"},"sceneLighting":false,"audioPlay":false,"sceneViewState":{"showFog":true,"showMaterialUpdate":true,"showSkybox":true,"showFlares":true,"showImageEffects":true,"showParticleSystems":true},"in2DMode":false,"pivot":{"x":18155.23046875,"y":14308.76953125,"z":7141.564453125},"rotation":{"x":0.40011724829673769,"y":0.5655475854873657,"z":-0.3632155656814575,"w":0.6230061650276184},"size":14719.6494140625,"orthographic":false}