{"cameraMode":{"drawMode":0,"name":"Shaded","section":"Shading Mode"},"sceneLighting":true,"audioPlay":false,"sceneViewState":{"showFog":false,"showMaterialUpdate":false,"showSkybox":false,"showFlares":false,"showImageEffects":false,"showParticleSystems":false},"in2DMode":false,"pivot":{"x":143.01026916503907,"y":15.871088027954102,"z":56.82815933227539},"rotation":{"x":-0.15770882368087769,"y":0.21527650952339173,"z":-0.035252656787633899,"w":-0.9630894660949707},"size":10.250411033630371,"orthographic":false}